LUOGO	CODICE	TIPOLOGIA	EMOZIONI	INDIRIZZO	LATITUDINE	LONGITUDINE	DESCRIZIONE	CURIOSITA	DEVIPROVARE	LINK	FOTO	FOTO 2
INFORMAGIOVANI	C U	Utilità, Storico/Culturale	Ispirazione, Curiosità	Piazza Nenni, 48018 Faenza (RA)	44,285698	11,882258	Informagiovani è un'organizzazione che offre indicazioni sul mondo del lavoro, offerte di volontariato nazionali e internazionali e un gran numero di progetti e programmi per i giovani.	Luogo perfetto per chi è alle prime armi per la ricerca di lavoro e per i giovani. In più la ragazza che ci lavora è molto gentile.	/	http://www.informagiovanifaenza.it/	https://drive.google.com/file/d/1ylPzVr3CbAujK6V9mW2-RVHOPaH52ZQC/view?usp=share_link    	https://drive.google.com/file/d/1nf0UJe8jSvh7XwCSAjmQvNrwlFAal3GO/view?usp=share_link
19,86	B	Far baracca	Felicità, Relax	Corso Matteotti 25/A, 48018 Faenza (RA)	44,283953	11,880674	È un cocktail bar di recente apertura a Faenza, che serve colazioni, aperitivi e cocktail di diverso genere.	Parola d’ordine qualità, nuova gestione giovane e molto professionale, ottimo per colazione/aperitivo o stuzzichino veloce.	Il gin di produzione del proprietario del locale	https://www.instagram.com/19.86faenza/?hl=it	https://drive.google.com/file/d/1grdTMp2zJiWASH4mgQTNs8lJ-LaUyTDt/view?usp=share_link   	https://drive.google.com/file/d/1kwVhcESr-F6YpUmZmCxh8I7Z4CLrV-69/view?usp=share_link
Faenza Rugby F.C. A.S.D.	S	Sport	Felicità, Energia, Divertimento, Ispirazione	Vialetto Atleti Azzurri d'Italia, 48018 Faenza (RA)	44,290172	11,859323	È un’associazione sportiva di Rugby, con diverse squadre a seconda dell’età: Minirugby dai 6 ai 12 anni (due allenamenti a settimana), Under 14, Under 16, Under 18 e Senior (3 allenamenti a settimana)	Allenatori preparati, contesto serio adatto a chi vuole fare sport, ottimo impianto sportivo.	/	https://www.faenzarugby.it/	https://drive.google.com/file/d/1WzLHN_0oLk_f_WBlmLHGftgA-5udygHq/view?usp=share_link	https://drive.google.com/file/d/1jONEWsDbhaArCnyfWH3aE7YA8GG3uwPP/view?usp=share_link
Parco Bucci	G S B C	Green, Sport, Far baracca, Storico/Culturale	Felicità, Ispirazione, Spensieratezza, Nostalgia, Divertimento, Libertà, Relax, Energia, Curiosità, Ispirazione, Tristezza	Piazzale Pancrazi, 48018 Faenza (RA)	44,29364733	11,86817585	È il parco più grande di Faenza, con piante esotiche e native e due laghi collegati da un ruscello, si possono trovare anche molti tipi di animali (pavoni, cigni, conigli, anatre…)	Consigliato soprattutto per i bambini, grazie alla presenza aree gioco e di molti animali, adatto per fare pic-nic, passeggiate e per ritrovarsi con gli amici.	La guardia all’ingresso del parco offre all’ingresso un sacchettino con i mangimi da dare agli animali.	https://www.prolocofaenza.it/it/visita-faenza/luoghi/parchi-e-giardini/parco-bucci/	https://drive.google.com/file/d/1CxcfeAyazDLUlNebibYwguwGG4YjbPas/view?usp=share_link	https://drive.google.com/file/d/1Cup1RHEU2fkk3t4XWrPutrt0sbtA8GtE/view?usp=share_link
Cafè del viale	B	Far baracca	Felicità, Divertimento, Libertà, Relax, Energia, Relax, Spensieratezza	Piazza Battisti 1, 48018 Faenza (RA)	44,2931869	11,88248202	È un bar con un’ottima posizione perché situato sul piazzale della stazione dei treni, locale frequentato soprattutto da giovani, ottimo per colazioni e aperitivi, ma anche per far serata	Ottimo come pre serata prima di andare a ballare, data anche la vicinanza alla discoteca “Il Giradischi”. In più in alcune serate offrono musica con dj set.	/	https://m.facebook.com/juri.cafedelviale/?locale2=it_IT	https://drive.google.com/file/d/1n3bBYmrrn40lD05mpOAitkzJnR_EOg18/view?usp=share_link	https://drive.google.com/file/d/1smiXmuftnCV_uOQDk-5v4nepfZelVgPC/view?usp=share_link
Stadio Graziola	S	Sport	Felicità, Energia, Divertimento, Libertà, Ispirazione, Curiosità, Relax, Spensieratezza, Nostalgia	Viale Atleti Azzurri d’Italia 13, 48018 Faenza (RA)	44,29179191	11,85844168	Impianto sportivo Graziola adatto a diversi tipi di sport (calcio, atletica leggera, baseball, tiro con l'arco e rugby), all’interno della struttura è presente anche una piccola palestra con sala pesi e macchinari per un allenamento completo degli atleti.			https://it.worldorgs.com/Catalogare/faenza/palestra/stadio-graziola	https://drive.google.com/file/d/1PAqkC-LbhQqSKIcOJjqZ5ol73ShtJ3uA/view?usp=share_link	
Museo Internazionale delle Ceramiche MIC	C	Storico/Culturale	Energia, Libertà, Ispirazione, Curiosità, Spensieratezza, Relax	Corso Baccarini 19, 48018 Faenza (RA)	44,28932598	11,88040798	È la raccolta di arte ceramica più grande al mondo, in cui si trovano opere di epoche storiche diverse, dal Medioevo all’Ottocento, provenienti da diversi paesi. Il MIC è riconosciuto dall’Unesco come monumento testimone di una cultura di pace ed espressione dell’arte ceramica nel mondo.	La vera e propria Mecca della Ceramica che non ti aspetteresti di trovare in una cittadina così piccola. Ospita saltuariamente esposizioni di vario genere (es Picasso nel 2020).		http://www.micfaenza.org/it/	https://drive.google.com/file/d/16C6EzL2S4vewzO7zHgoI2EnuMLNikbhw/view?usp=share_link	https://drive.google.com/file/d/1Ksciftk52_pHbf1o9Wt1oOM6oiBTU4WS/view?usp=share_link
Palazzo Milzetti	C	Storico/Culturale	Ispirazione, Energia	Via Giulio Cesare Tonducci 15, 48018 Faenza (RA)	44,28549767	11,87844543	È un edificio storico vicino al centro, riccamente affrescato e completo di arredi, oggi museo nazionale dell’arte neoclassica in Romagna	È interessante non solo per le stanze, i giardini e gli affreschi ma anche per la presenza di mobili e utensili storici. Prezzo del biglietto: 4€.		https://www.prolocofaenza.it/it/visita-faenza/luoghi/musei/palazzo-milzetti-museo-nazionale-dell-eta-neoclassica-in-romagna/	https://drive.google.com/file/d/1fpEvxxtIBp9MUJnAFiIwBl6cR3Q5r7_3/view?usp=share_link	https://drive.google.com/file/d/13auXRawQS6fqjcXH5weIlm3rsS0Zn2JQ/view?usp=share_link
Infantini Cafe	B	Far baracca	Divertimento	Corso Giuseppe Mazzini 70 A/B, 48018 Faenza (RA)	44,28761678	11,87898987	È un bar in una posizione strategica perché vicino al centro e in una posizione centrale rispetto agli istituti superiori più popolati di Faenza (licei e Oriani), locale soprattutto frequentato da giovani, ottimo per colazione, in più offre pasti ricchi anche a pranzo (pasta/piadina…)			https://www.facebook.com/pages/category/Bar/Infantini-Caf%C3%A8-146709038691456/	https://drive.google.com/file/d/15tQDlao3LU5khuPjEsMstVl6faaB-hr2/view?usp=share_link	https://drive.google.com/file/d/1bCwHrMaTPR4aoTGoIfoydLfc-5J9yHYV/view?usp=share_link
Scuola di Musica Sarti	C	Storico/Culturale	Felicità, Energia, Divertimento, Libertà, Ispirazione, Curiosità, Spensieratezza	Via san Giovanni Bosco 1, 48018 Faenza (RA)	44,2862205	11,88639621	I corsi della scuola Scuola comunale di musica Sarti sono finalizzata alla formazione musicale generale attraverso lezioni teorico pratiche. Offre una scelta di didattica strumentale molto ampia e una alta professionalità. i corsi sono rivolti sia a	I corsi vanno da 0-99 e sono rivolti sia a finalità amatoriali, che di studio professionale. Si tengono corsi sia estivi che invernali.		https://www.scuolasarti.it/	https://drive.google.com/file/d/1KfsGlu-Pr7L9kxB4eEBDYycVZti0kmUI/view?usp=share_link	
Spider	B	Far baracca	Curiosità, Felicità, Energia, Divertimento, Libertà, Spensieratezza	Via Renaccio 1/9, 48018 Faenza (RA)	44,28535775	11,88599625	Famoso locale in centro a Faenza. Ottima scelta per bere un drink in compagnia.Dispone di tavoli al piano superiore oppure in esterno.	Ambiente molto colorato e con disegni fluorescenti alle pareti. Personale simpatico e veloce nel servizio. Al piano superiore si possono trovare molti giochi di società e da tavolo.	I cicchetti nelle fialette da chimico molto colorate e tutti gusti.	https://m.facebook.com/martignani/?locale2=it_IT	https://drive.google.com/file/d/1YkfRqp6xToJt_QZwjS3AcFtRrLujWdis/view?usp=share_link	https://drive.google.com/file/d/1rROrDLaDkt42JH87GgwWilpMdpiEXr3F/view?usp=share_link
Senteri vicino alla Torre di Oriolo	G S C	Green, Sport, Storico/Culturale	Felicità, Energia, Divertimento, Libertà, Relax, Spensieratezza	Via di Oriolo 19, 48018 Faenza (RA)	44,2264075	11,91528105	I sentieri di Oriolo e gi itinerari attorno alla Torre sono ottimi per chi vuole andare alla ricerca di emozioni, storie e spettacoli della natura. Percorsi per chi ama la campagna, la poesia e sa che ogni meta si può raggiungere solo mettendosi in cammino. 	Alcuni sentieri sono: "La strada della Poesia" e il "Sentiero dell'amore" ideati da Nino Tini, produttore di vino e zafferano spinto dall'amore per la poesia e la natura.		http://www.torredioriolo.it/i-sentieri-di-oriolo/	https://drive.google.com/file/d/1E1FpgPDJyxfgrQV4jBEoijenQyi_5lLZ/view?usp=share_link	
Ex Colonia di Castel Raniero	B C G	Far baracca, Storico/Culturale, Green	Felicità, Energia, Divertimento, Libertà, Ispirazione, Curiosità, Relax, Spensieratezza	Via Rinaldini 2, 48018 Faenza (RA)	44,2685321	11,82248023	Ex colonia elioterapica costruita come monumento ai caduti della Grande Guerra. Utilizzata come colonia residenziale sin dal 1932, fu inaugurata ufficialmente nel1938. Durante il passaggio del fronte è stata utilizzata come sede dell'Ospedale Civile di Faenza e come sede della Croce Rossa. Successivamente è stata utilizzata dal Comune di Faenza come residenza dei centri estivi per i ragazzi dell'asilo cittadino.	Negli anni settanta e nei primi anni ottanta è stata utilizzata anche per spettacoli all'aperto. Famoso il ciclo di spettacoli di Rok verde.		https://www.fondoambiente.it/luoghi/castel-raniero-la-colonia-montana?ldc	https://drive.google.com/file/d/1k4yum7jc-3V-xEcR-5l8tG4dS-bPXr6e/view?usp=share_link	
Musica nelle Aie 	G B	Green, Far baracca	Felicità, Divertimento, Libertà, Curiosità, Relax, Spensieratezza	Via Castel Raniero, 48018 Faenza (RA)	44,26685613	11,82434267	Evento eccezionale e unico in Italia, una strada di circa 9 km immersa nella campagna viene chiusa al traffico per un weekend e lungo il percorso si esibiscono vari artisti con canti e musiche popolari di diverse regioni. Non mancano ovviamente il buon cibo e vino romagnolo. 	Il momento principale è la domenica pomeriggio, con la finale del concorso "La musica nelle Aie", atto finale della manifestazione durante il quale si esibiscono gli artisti.		http://www.musicanelleaie.it/home/	https://drive.google.com/file/d/1RX2c0TcIBO1CUC_mcM-46kkxiU8cFRWR/view?usp=share_link	https://drive.google.com/file/d/1Ch82QEoq_FGHItX2ie_s26LlspLKBmHB/view?usp=share_link
S. Apollinare in Castel Raniero	G	Green	Libertà, Ispirazione, Relax, Spensieratezza	Via Castel Raniero 95, 48018 Faenza (RA)	44,26685613	11,82434267	Chiesetta della parrocchia nella località rurale di Castel Raniero in Faenza (RA). Fondata nel 1261 da un gruppo di monaci bizantini, ha subito rifacimenti nel 1769 e 1907.			https://www.fondoambiente.it/luoghi/chiesa-e-canonica-di-sant-apollinare-in-castel-raniero?ldc 	https://drive.google.com/file/d/1nPNiZao-t5PdAAy_Ixca-wqqKXR8nLWt/view?usp=share_link	
Salita di Castel Raniero	S G B	Sport, Green, Far baracca	Ispirazione, Curiosità, Spensieratezza, Felicità, Energia, Divertimento, Relax, Libertà	Via Castel Raniero 95, 48018 Faenza (RA)	44,26685613	11,82434267	Stradina in salita perfetta per camminare o fare sport in mezzo alla natura.	Ospita l'evento la Musica nelle Aie.			https://drive.google.com/file/d/15RnEPZucDZjwsAu1hZSlSAP7SsaOaslq/view?usp=share_link	
Palio del Niballo e Bigorda (Stadio Bruno Neri)	C	Storico/Culturale	Felicità, Energia, Divertimento, Libertà, Rabbia	Via Medaglie d'oro 2, 48018 Faenza (RA)	44,29164443	11,87103764	Dal 1959 il Palio del Niballo di Faenza si svolge la quarta domenica di giugno e rappresenta molto di più di una semplice gara: è il costante rinnovo di una tradizione che affonda le sue radici nella Faenza medievale e rinascimentale e che ancora oggi non smette di emozionare con i suoi colori, le sue musiche, le sue sfide appassionanti.	Ci sono 5 rioni, appartenenti ciascuno ad una zona di Faenza, che si sfidano con dame, musici e cavalieri in molte competizioni (come la Gara delle Bandiere). Il tutto è accompagnato da suggestive cene propiziatorie, rievocazioni storiche, stand gastronomici e feste per tutto il mese della competizione.	Devi assolutamente partecipare alla festa del rione vincitore della gara, per una serata piena di emozioni.	https://www.avato.it/faenza/root/palio.htm	https://drive.google.com/file/d/1sTfPKC87V8A9KBX-yErrT5VOO9IhYbjA/view?usp=share_link	
Pasticceria Sebastiano Caridi	B 	Far baracca	Felicità, Divertimento, Relax, Spensieratezza	Corso Aurelio Saffi 48/A, 48018 Faenza (RA)	44,28489121	11,88618883	Pasticceria moderna nel centro storico di Faenza, ottima per colazioni, torte per eventi e altri dolci e salatini da pasticceria artigianali e di alta qualità. Si possono trovare anche veri e propri pasti di vario tipo (pasta, pizza, hamburger...)	E' stata aperta nel 2016 da Sebastiano Caridi dopo la vittoria de "Il più grande pasticcere d'Italia”, rinomato reality show.		https://www.sebastianocaridi.it/biografia-sebastiano-caridi/	https://drive.google.com/file/d/1b6gB65qlereZTfq518DXLQOgaDIyG7u_/view?usp=share_link	https://drive.google.com/file/d/1EM2hZ9hi4huBqhINbRftVgrrrh0vosMa/view?usp=share_link
Chiosco Girandola	B	Far baracca	Felicità, Divertimento, Libertà, Relax, Spensieratezza	Via Fornarina 1, 48018 Faenza (RA)	44,28299963	11,89811594	Baracchina nella zona del Borgo, un chiosco accogliente con saletta a vista, che offre la possibilità di mangiare anche all'esterno servendosi di una zona ben alberata e tranquilla. Buon rapporto qualità prezzo e vasta scelta di prodotti.	Ogni tanto offrono promozioni per gli studenti, servendo un menù completo a un prezzo inferiore al solito. 		https://it-it.facebook.com/chioscogirandola/	https://drive.google.com/file/d/1cFYbiVmsb1j4slgebBADxt0ZI0XoDTHv/view?usp=share_link	https://drive.google.com/file/d/17iydOzn6ky1YRubGCvVrySFVVKiwa5kk/view?usp=share_link
Parchi Ferucci e Vespignani di Via Corbari	G	Green	Divertimento, Relax	Via Corbari, 48018 Faenza (RA)	44,2845175	11,86299739	Due parchi vicini nella zona Cappuccini di Faenza vicino al chiosco "La Lucciola". Area verde attrezzata con molti giochi per bambini come scivoli e altalene.	Il 7 e l'8 maggio si volge qui la "Festa di primavera", organizzata in collaborazione con il Rione Verde e il centro sociale del quartiere, in cui ci sono gare di sbandieratori, giochi per bambini, esibizioni di gruppi musicali e balli popolari.			https://drive.google.com/file/d/12mLA_fbZYuKPNGGZoJnbmfZCrme1o2h6/view?usp=share_link	https://drive.google.com/file/d/125Ad1TLtS0fp91frbm4A42-dPveMnAsu/view?usp=share_link
Museo Carlo Zauli	C	Storico/Culturale	Ispirazione, Curiosità, Paura	Via della Croce 6, 48018 Faenza (RA)	44,2878013	11,88684728	Museo dedicato a Carlo Zauli, ceramista faentino.	Luogo particolare dedicato alla ceramica con annessa bottega.		http://www.museozauli.it/	https://drive.google.com/file/d/1i4FLpY33QpduHVxmo_ioFYsb_v8kQNnD/view?usp=share_link	https://drive.google.com/file/d/1u5YvCBAJn5adondQkRm6O_iUFTPgkomt/view?usp=share_link
G.E.V. - Guardie Ecologiche Volontarie - Raggruppamento di Faenza	G	Green	Felicità, Energia, Curiosità	Via Canal Grande 42, 48018 Faenza (RA)	44,28447372	11,86648263	Le Guardie Ecologiche Volontarie sono cittadini che mettono a disposizione il loro tempo svolgendo funzioni di tutela del territorio.			https://www.gevfaenza.it/	https://drive.google.com/file/d/13TJCDy6Acc5XsZLsDOcsUk9MZnFJ0qCR/view?usp=share_link	
Sentiero 505 prima parte (Bocche dei Canali - Rifugio Cà Carnè)	G S	Green; Sport	Felicità, Libertà, Curiosità, Relax, Spensieratezza, Energia, Ispirazione	Bocche dei canali, 48018 Faenza (RA)	44,27800262	11,85261378	Sentiero sui calanchi, che va da Faenza a Brisighella.	Alcuni punti sono marcati come "pericolosi" dal CAI. Sconsigliato a chi soffre di vertigini.		https://www.cai.it/wp-content/uploads/2019/12/SENTIERO-505-PRIMA-PARTE.pdf	https://drive.google.com/file/d/1d7Vtb62L2qFPcmUSjzNWdHyFNIQb_UGS/view?usp=share_link	https://drive.google.com/file/d/1tgR11Jnfq-mjPppQYh9BDGw3Ear45ZUE/view?usp=share_link
Parco Punta degli Orti / Parco Veniero Lombardi 	G S C	Green, Sport , Storico/Culturale 	Energia, Divertimento, Libertà, Relax, Spensieratezza, Felicità, Inspirazione	Via Firenze, 48018 Faenza (RA)	44,27844591	11,8535178	Parco cittadino, adatto per una passegiata o per praticare sport.	Dotato di attrezzature per allenarsi a corpo libero, tra le quali: sbarre, parallele e spalliere. Il parco é dotato di fontana.		https://www.mypacer.com/it/routes/257839/parco-punta-degli-orti-camminare-e-correre-faenza-provincia-di-ravenna-italia	https://drive.google.com/file/d/15BMfbi12Hqc-4cvjwSfZaeZpl2RWzWrN/view?usp=share_link	https://drive.google.com/file/d/1Y0hJCVztL-iRNlQGr0291GSdLk3dX17B/view?usp=share_link
Parco Fluviale del Lamone	G	Green	Energia, Libertà, Ispirazione, Felicità, Relax, Spensieratezza, Nostalgia	Anello dei 4 ponti, 48018 Faenza (RA)	44,28548976	11,89044335	Anello tra i 4 ponti storici della città.			http://www.monicazauli.eu/portfolio/il-parco-fluviale-di-faenza/	https://drive.google.com/file/d/1vFQFRixHZUbWiI8JUhCbth7IrxvxPxNy/view?usp=share_link	https://drive.google.com/file/d/1SQnlRvGyDIqaK2b36AZIDdJxgrp3TJRf/view?usp=share_link
Maneggio Amico Cavallo	G S	Green, Sport	Felicità, Energia, Divertimento, Libertà, Spensieratezza	Via Monte Spada 1, 48018 Faenza (RA)	44,2399913	11,87627375	Centro equestre che effettua passeggiate, trekking, corsi di equitazione a tutti i livelli, riabilitazione equestre, pony per i più piccoli, noleggio cavalli per manifestazioni, CRE.			http://www.maneggioamicocavallo.it/	https://drive.google.com/file/d/1CMj0lMM-SVGtF_GkfDdRWNRbue8Vxn1S/view?usp=share_link	https://drive.google.com/file/d/1asEzeI8hE3cOYWaHWg2xNIG3zIpWOs9p/view?usp=share_link
Le Maioliche - Centro commerciale	B U	Far baracca	Felicità, Divertimento, Relax	Via Bisaura 1/3, 48018 Faenza (RA)	44,32975104	11,90424947	Centro commerciale che include Decathlon, Brico e Maison du Monde.			https://www.centrolemaioliche.it/	https://drive.google.com/file/d/1Uwvtw2aKkGarlKQ02By1ipCRNmTD-0Cj/view?usp=share_link	https://drive.google.com/file/d/1EcD-BTOtpUJxUGY2zWP4bXjQs4mwecxG/view?usp=share_link
Parco Mita	S	Sport	Felicità, Divertimento, Libertà, Spensieratezza, Rabbia, Paura	Via Ravegnana, 48018 Faenza (RA)	44,292022	11,889004	Parco attrezzato con area giochi per bambini (scivolo, altalene ecc.).			https://www.prolocofaenza.it/it/visita-faenza/luoghi/parchi-e-giardini/parco-mita/	https://drive.google.com/file/d/11F0A2z24eVabJvFhbpYTcsfgSZDFyXzg/view?usp=share_link	
Teatro Masini	C	Storico/Culturale	Divertimento, Ispirazione, Curiosità, Relax	Piazza Nenni 3, 48018 Faenza (RA)	44,28572511	11,8821617	Capolavoro dell'architettura neoclassica, costruito nel '700 su progetto di Giusebbe Pistocchi e inaugurato nel 1788. Nel 1903 è stato intitolato al celebre tenore Angelo Masini. Ha più di 500 posti. E' il teatro più importante della città e ospita numerosi artisti famosi come la comica locale Maria Pia Timo. 	Il vicino Palazzo Manfredi è collegato al teatro tramite la celebre Galleria dei Cento Pacifici, annessa al Ridotto. Venne progettata da Giuseppe Pistocchi nel 1785-86 e decorata integralmente, pareti e volta, da Felice Giani.		https://www.accademiaperduta.it/teatro_masini_faenza-84.html	https://drive.google.com/file/d/1CDb1-xvrgFOTSOGiewCT5LXcHi5XXM1B/view?usp=share_link	https://drive.google.com/file/d/1vfrHYTy1_OM760ettIij8k4wkpbdsfjh/view?usp=share_link
Casa - Museo "R. Bendandi"	C	Storico/Culturale	Divertimento, Ispirazione, Curiosità	Via Baldassarre Manara 17, 48018 Faenza (RA)	44,28866298	11,88423807	Museo intitolato a Raffaele Bendandi (1893-1979), che fece particolari scoperte in diversi settori e in particolare sui terremoti, di cui ha provato l'origine cosmica; ha inoltre compiuto ricerche astronomiche, geofisiche, magnetiche, cosmiche, atmosferiche, sulla radioattività atmosferica (in relazione a scopi atomici).	Qui Bendandi aveva realizzato un laboratorio artigianale con apparecchiature per la segnalazione di movimenti tellurici, ancora oggi funzionante. Nella saletta in cui viveva sono raccolti oggetti personali, fotografie e mobili così come lui li ha lasciati.		http://www.comune.faenza.ra.it/Citta/Turismo-e-ospitalita/Da-vedere-in-citta/Pinacoteca-e-Musei/Museo-Casa-Bendandi-e-Osservatorio-geofisico-comunale	https://drive.google.com/file/d/1x9lyH9FcibWYgRc9-f5odjINQOJ44y_Y/view?usp=share_link	https://drive.google.com/file/d/1CxNoiBXgoYOAr5An6Ea_sCt9yTRwB_qE/view?usp=share_link
Pista ciclopedonale di Errano	G S U	Green, Sport	Energia, Libertà, Spensieratezza	Errano, 48018 Faenza (RA)	44,259125	11,827112	Pista ciclopedonale che unisce Faenza a Errano, è una pista panoramica che offre la vista di un bellissimo paesaggio sui colli vicino a Faenza.				https://drive.google.com/file/d/1Fbqpuof7omqMN6RFKoMfJTf90uyv_sVS/view?usp=share_link	
Olmatello	G B	Green, Far baracca	Felicità, Divertimento, Libertà, Ispirazione, Curiosità, Relax, Spensieratezza, Energia, Nostalgia	Via Castel Raniero, 48018 Faenza (RA)	44,2617121	11,80998743	Punto panoramico sul sentiero di Castel Raniero. Si tratta di una piazzola molto frequentata dai giovani.	Si può trovare un tronco di legno sul quale è stato intagliato un volto.		http://www.terredifaenza.it/scoprire_territorio/ambiente_natura/ter_intnat/pagina86-081.html	https://drive.google.com/file/d/1Q-cqGbmRjeepIWTpiBioXWGJUUNUz9d4/view?usp=share_link	https://drive.google.com/file/d/1jkSrGVhKcYcg4v_tpulfW34ruqji8hRZ/view?usp=share_link
Torre di Oriolo dei Fichi	G C B	Green, Storico/Culturale, Far baracca	Felicità, Energia, Divertimento, Libertà, Curiosità, Relax, Spensieratezza, Nostalgia	Via di Oriolo, 48018 Faenza (RA)	44,22649975	11,91441201	Oriolo dei Fichi è un piccolo nucleo abitato situato sui primi contrafforti dell’Appennino Romagnolo. La storia della torre inizia nel 1474 quando l’Arcivescovo Bartolomeo Roverella cedette il dominio di Oriolo a Carlo II Manfredi (Signore di Faenza). Il vecchio castello fu ristrutturato e trasformato in rocca ad uso strettamente militare, utilizzata anche nella 2° Guerra Mondale. Nel 2004 fu riaperta al pubblico.	Abbandonata dopo la fine del  secondo conflitto mondiale: a partire dal 1965, la torre fu oggetto di una tenace campagna di sensibilizzazione per il suo restauro e apertura al pubblico. Per venti anni consecutivi, gli abitanti di Oriolo organizzarono a questo scopo la “Festa di Primavera, per salvare un monumento”.	Dal 17 giugno al 26 agosto tutti i mercoledì sera nel parco panoramico medioevale si tengono concerti, cene sotto le stelle e altri eventi adatti a tutte le età. 	https://www.torredioriolo.it	https://drive.google.com/file/d/1gBMs6B9oEbt5ZQ31BKOgwJHoKK7THRAP/view?usp=share_link	https://drive.google.com/file/d/1e_okxCvXpVkTZso-aGoQp_R1LMCQFJcR/view?usp=share_link
Biblioteca Comunale Manfrediana	C B U	Storico/Culturale, Far baracca	Felicità, Divertimento, Libertà, Ispirazione, Spensieratezza, Nostalgia, Curiosità, Relax	Via Manfredi 14, 48018 Faenza (RA)	44,286588	11,884216	Biblioteca fondata nel 1797 a seguito delle soppressioni del patrimonio di conventi e congregazioni religiose. Inizialmente ebbe sede nell'ex convento dei Gesuiti e venne aperta al pubblico nel 1818. Nel 1825 fu trasferita nella sede attuale. 			https://www.manfrediana.it	https://drive.google.com/file/d/1G7Qe6SvtzdS5StQ9iOZBVh9R4U1y3ZoJ/view?usp=share_link	https://drive.google.com/file/d/1Z1sZmchPwAC5S6FKSR0YV3OFcaLLfotA/view?usp=share_link
Quinzan – Fattoria didattica, cantina e musica	G	Green	Felicità, Energia	Via Castel Raniero 6, 48018 Faenza (RA)	44,27600729	11,84619215	Fattoria didattica di Castel Raniero ideata per bambini e famiglie. Su 18 ettari si coltivano vite, susino, albicocco, pesco, kaki, kiwi e olivo. E' provvista di una rinomata cantina di vini.	Per i più piccoli sono stati ideati degli spettacoli musicali. 		https://www.quinzan.it/	https://drive.google.com/file/d/1sGqsNKVcWf8NYkiiw6RQycWvFI0w0Ex8/view?usp=share_link	https://drive.google.com/file/d/1cgs1kNEIqvUVjIK1QZlf30tzn8JwWtgA/view?usp=share_link
Nove100	B	Far baracca	Felicità, Divertimento, Ispirazione, Relax, Nostalgia, Spensieratezza	Corso Giuseppe Mazzini 69/A, 48018 Faenza (RA)	44,28738813	11,88107955	Caffè letterario con tavolini a fianco della chiesa San Filippo Neri. Bar con menù sia per colazione che per pranzi.	E' prevista l'organizzazione di eventi di vario genere, fra cui presentazioni di libri.		http://www.nove100faenza.it/	https://drive.google.com/file/d/19YBVjca4l6uqtSEJlhcC_u5GjSEwdiZB/view?usp=share_link	https://drive.google.com/file/d/1tzMRR0nRmzcU4ki0Yq5AqBcKylYBDjfV/view?usp=share_link
Mens Sana	B	Far baracca	Energia, Divertimento, Relax, Spensieratezza	Via Mura Diamante Torelli 67, 48018 Faenza (RA)	44,282775	11,8832	Luogo ideale dove trascorrere serate meravigliose e particolarmente attraenti per il suggestivo dehor estivo, aperitivi, lounge bar, light dinner.		Hamburger ricercati, birre artigianali italiane, bevande alla frutta, pestati e vini.	https://mensfaenza.it/menu/	https://drive.google.com/file/d/18VWvM0RNUWA6vRvAth2WDMPx-JkflCMN/view?usp=share_link	https://drive.google.com/file/d/1bNAFEtM3mD6fmXhATcNANktQp9q1eYeC/view?usp=share_link
Circolo ARCI Prometeo	C B	Storico/Culturale, Far baracca, Diritti e inclusione; centro culturale e di aggregazione 	Felicità, Energia, Divertimento, Libertà, Ispirazione, Curiosità, Spensieratezza, Relax, Collaborazione	Vicolo Pasolini 6, 48018 Faenza (RA)	44,28640083	11,88209548	Piccolo circolo ARCI che ospita mostre, concertini, dibattiti e presentazioni di libri. Ma, cosa più importante, è un luogo di incontro e di passaggio che punta ad affermarsi come un piccolo centro culturale nel cuore di Faenza. Luogo apartitico dove si discute di tematiche importanti e di attualità.  Luogo di confronto, di scambio di vedute e di idee, di informazione e di ritrovo.			https://www.prometeofaenza.it/sito/wordpress/chi-e-dove-siamo/	https://drive.google.com/file/d/1S51tXv-TG8kQ0a4_gIbSWrBwg1bl-khj/view?usp=share_link	https://drive.google.com/file/d/1prTjGmBaYpiHb66_BkxwbbAJKQipDmQh/view?usp=share_link
Faenza Commonwealth War Cemetery	G C	Green, Storico/Culturale	Felicità, Energia, Divertimento, Libertà, Ispirazione, Curiosità, Relax, Spensieratezza, Nostalgia, Tristezza	Via Vincenzo Cimatti 14, 48018 Faenza (RA)	44,27507848	11,89207674	Cimitero fuori della città, ospita le tombe dei caduti alleati durante la Prima guerra mondiale.	Su 956 tombe, solamente 55 soldati sono stati identificati.		https://bit.ly/3gZIY4d	https://drive.google.com/file/d/1UnL1CShluId3485Uc_q0tzR2Xe8jyjNB/view?usp=share_link	https://drive.google.com/file/d/1tCi0uUsrd6qMTVPCqn_TSpVanaLVmhpO/view?usp=share_link
OAMI Skateplaza	S B G	Sport, Far baracca, Green	Felicità, Energia, Divertimento, Libertà, Curiosità, Relax, Spensieratezza, Ispirazione, Nostalgia	Via Renaccio, 48018 Faenza (RA)	44,279216	11,883552	Skatepark realizzato su progetto di Marco Morigi in collaborazione con i locals faentini e prende il nome dall'omonimo “skatepark” storico di Faenza. La struttura è street/flat oriented e presenta rampe da spinta, oltre a diversi singoli ostacoli posti su varie linee originali e divertenti. Lo sviluppo planimetrico è a forma di lettera K e circondato dal verde.  	Skate Plaza adatto a tutti i livelli di skater. Bello, divertente e biocompatibile con l'ambiente. Molto apprezzato dai giovani, ottima disponibilità di rampe in cemento armato molto utili per acrobazie di ogni genere con lo skate, pattini o bmx. Servizi Accessori: fontana acqua potabile e illuminazione pubblica con timer.		https://m.facebook.com/profile.php?id=329887623846736	https://drive.google.com/file/d/1-yBxD3KiCkVIhlf5ivb-puJHMtlrZfrp/view?usp=share_link	https://drive.google.com/file/d/1kMb6S6gWJdG8TtgOKrEoeKgEVR_OrM7G/view?usp=share_link
Clan Destino	B	Far baracca	Felicità, Energia, Divertimento, Libertà, Ispirazione, Curiosità, Relax, Spensieratezza, Rabbia, Nostalgia, Paura, Tristezza	Viale Alfredo Baccarini 21, 48018 Faenza (RA)	44,2900882	11,88207732	Club e ristorante vegetariano e vegano con chiara ricerca verso materie prime bio e rigorosamente locali, un pezzo di Clan a cui dedichiamo molte energie e valore.	Tanti concerti dal vivo, apertivo vege&vegan		https://www.facebook.com/clandestinofaenza	https://drive.google.com/file/d/1-kXe6zomyAwDw0aRY5GyqWwbwDhtFoxL/view?usp=share_link	https://drive.google.com/file/d/1-dWr0XNs4SnAI4mm7mNMW2XQ3-ZLxYid/view?usp=share_link
Visionhair		Servizi alla persona 	Ispirazione, Curiosità, Relax	Corso Europa 92, 48018 Faenza (RA)	44,282023	11,893068	Parrucchiere che opera tagli sia per uomini che per donne.	Oltre ai classici trattamenti per capelli effettuano anche servizi di manicure.		https://it-it.facebook.com/visionhairfaenza/	https://drive.google.com/file/d/1-vqtt8G_JABEIUHj3IAvRFiG_Y62AUsg/view?usp=share_link	https://drive.google.com/file/d/1vnL6Klat6rdVHX37x1xpk_5BByosn5hn/view?usp=share_link
Parco delle Ginestre	G B S	Green, Far baracca, Sport	Felicità, Divertimento, Libertà, Relax, Spensieratezza, Energia, Curiosità, Ispirazione	Via Salita di Oriolo, 48018 Faenza (RA)	44,23320551	11,91356585	Ex cava trasformata in parco naturale, con vegetazione spontanea, postazioni di avvistamento per volatili, area ricreativa e stagno von vegetazione palustre e fauna selvatica. Il tutto contornato da un fantastico paesaggio sulle colline Romagnole.	Tra le ginestre presenti si può osservare la nidificazione del gruccione, che qui ha trovato l'habitat per la stagione estiva. Nel Parco e lungo il sentiero, i sedimenti hanno restituito diversi reperti fossili come il cranio di un elefante preistorico (Mammuthus meridionalis), custoditi presso il museo di Scienze Naturali di Faenza.		https://www.torredioriolo.it/flora/	https://drive.google.com/file/d/1pt73jIDFBW8Jm4Yyd71PWr_W08yW4Paw/view?usp=share_link	https://drive.google.com/file/d/14Ft2uEf5LDEop9xlg0LvhssVtUfDYSR_/view?usp=share_link
Gruppo Fotografia Aula 21	C	Storico/Culturale	Felicità, Energia, Divertimento, Libertà, Ispirazione, Relax, Spensieratezza, Nostalgia, Creatività	Via Cavour, 7, 48018 Faenza (RA)	44,28909164	11,88648182	Gruppo di ragazzi unititi dalla loro passione, la fotografia.			https://bit.ly/3b0V0GV	https://drive.google.com/file/d/1XRUb4sXy7xY5Ox0FVuGc54W7eCGlIVVN/view?usp=share_link	https://drive.google.com/file/d/1lhCs3WE2U_y7ykaYYAQtCujfscDQypwP/view?usp=share_link
Museo Civico di Scienze Naturali Malmerendi	C	Storico/Culturale	Curiosità, Nostalgia	Via Medaglie d'oro 51, 48018 Faenza (RA)	44,295607	11,875674	Il Museo Civico di Scienze Naturali di Faenza nasce con la ricca collezione ornitologica ed entomologica del geometra faentino Domenico Malmerendi divenuta pubblica. 	Ogni anno il museo organizza eventi aperti al pubblico.		https://www.museoscienzefaenza.it/cms/index.php/it/	https://drive.google.com/file/d/12hnxr2LrzuxFUhw3TV_nAOviJeeo_rCF/view?usp=share_link	https://drive.google.com/file/d/1oeDCrqGPJq7fhXpuJ74ZaSEgwuCr2M70/view?usp=share_link
Arena Borghesi	G C	Green, Storico/Culturale, Luogo per la cultura	Divertimento, Ispirazione, Relax, Felicità, Libertà, Nostalgia	Viale Stradone, 48018 Faenza (RA)	44,28336064	11,87698387	Luogo destinato a spettacoli estivi, costruita da Vincenzo Borghesi nel 1895. Oltre alla “sala teatrale” nella zona vi era anche una pista di schettinaggio, una grande terrazza dove si servivano rinfreschi e si davano feste da ballo, una birreria e  un’osteria. Per questo il luogo era molto frequentato e vi avevano luogo diversi tipi di spettacoli. Il Comune ne rilevò la gestione nel 1982.	Oggi l’Arena svolge una programmazione cinematografica estiva, da giugno a settembre, nell’arco di sette serate settimanali. Proietta pellicole di prima visione, d’essai, rassegne tematiche e d’autore, con presenze di circa 15.000 spettatori per ogni stagione.		http://www.comune.faenza.ra.it/Guida-ai-servizi/Servizi-per-le-attivita-culturali/Le-nostre-strutture/Arena-Borghesi	https://drive.google.com/file/d/1laGV8LecmGUE-mAVu93hGJRi7Rq2vGHF/view?usp=share_link	https://drive.google.com/file/d/1JNb2JyrG--5YpbqwtJBaecq7j8U1N8c6/view?usp=share_link
Le Garage Parrucchieri	B	Far baracca	Felicità, Ispirazione, Relax	Piazza San Rocco 6/c, 48018 Faenza (RA)	44,2857531	11,87754638	Le Garage è uno spazio dedicato alla cura personalizzata in base alle esigente del cliente, una nuova realtà basata sull’attenzione, accoglienza ed esclusività dei dettagli.			https://www.facebook.com/legarageparrucchieri/	https://drive.google.com/file/d/1RKJUoTKA4eDrRSmRnb-Fo6nfg0765Wpo/view?usp=share_link	https://drive.google.com/file/d/1_FAUG8VhwI5NmzaSmN_GeB6UwVwnTgyA/view?usp=share_link
Orto urbano	G	Sociale. Mettere in relazione le persone tra loro attraverso attività organizzate.	Felicità, Energia, Divertimento, Libertà, Ispirazione	Fiume Lamone vicino Parco Calamelli, 48018 Faenza (RA)	44,27878945	11,88569036	Il Comune di Faenza destina, ai residenti nel proprio territorio che ne fanno richiesta, lotti di terreno di proprietà comunale adibiti ad orti comunali, quale opportunità di partecipazione, aggregazione, socializzazione e di impegno attivo del tempo libero contrastando il decadimento della qualità della vita e il rischio di emarginazione.			http://www.comune.faenza.ra.it/Guida-ai-servizi/Servizi-Sociali/Anziani/Orti	https://drive.google.com/file/d/1_42X5d-7RwCHko6-jisdu-vHOYXo_8at/view?usp=share_link	
San Mamante 	G S	Green, Sport	Felicità, Energia, Relax, Spensieratezza	Via San Mamante, 48018 Faenza (RA)	44,23368	11,921861	Via San Mamante è una lunga strada delle campagne faentine immersa nel verde, che parte come deviazione di via Santa Lucia e per un tratto corre parallela a via di Oriolo, permettendo a chi la percorre di godere di un'ottima prospettiva sulla Torre di Oriolo stessa. Il nome della via fa capo alla Chiesa omonima e l'adiacente campo sportivo, molto frequentato dai giovani della zona. 	Nel periodo primaverile-estivo, il dislivello di via San Mamante viene sfruttato da avventori in skateboard e longboard che sfrecciano verso la pianura sfruttando l'asfalto in ottime condizioni.	Percorrerla a piedi e in bicicletta e fermarsi in una delle società agricole e agriturismi che la costellano.		https://drive.google.com/file/d/1j6uIa7Q4t3HOUBB-Hz7PByrQZ04Ha9dB/view?usp=share_link	
Sala BCC Città & Cultura	C U	Storico/Culturale	Energia, Curiosità, Relax, Spensieratezza	Piazza della Libertà 7, 48018 Faenza (RA)	44,29600261	11,92842512	Aula studio con servizio bibliotecario e wifi gratuito nel cuore della città, ubicata esattamente di fronte al Duomo cittadino. 	D'estate l'aula studio offre un'alternativa alla Biblioteca Comunale della città che solitamente osserva un mese di chiusura, fornendo dunque un prezioso servizio.	La comodità di fermarsi per una pausa al pc durante le torride giornate estive, rinfrescandosi con la piacevolissima aria condizionata di cui lo spazio gode.	http://www.comune.faenza.ra.it/Citta/Informazioni-utili/Biblioteche/Sala-BCC-Citta-Cultura-Aula-studio-e-Biblioteca	https://drive.google.com/file/d/1IFaf45EHYtW28pufQFFsNYiKOQ74K9W6/view?usp=share_link	https://drive.google.com/file/d/1O3zMFEc_rH2U6k6HA7vaEqVafnlnF7QM/view?usp=share_link
MEM Studio d'Arte	C	Studio artistico e creativo, corsi artistici, artigianato d’arte, design di moda	Energia, Ispirazione, Curiosità, Relax, Spensieratezza	Via Santa Lucia 10, 48018 Faenza (RA)	44,27642708	11,89051383	Studio d’arte e laboratorio a due passi dal centro storico e immerso nel verde della prima campagna faentina. 	 Un luogo conviviale in cui poter scoprire e sperimentare varie tecniche artistiche sviluppando la propria creatività sotto la guida di artisti esperti.	Il restyling di abbigliamento, la tecnica della stampa a stencil e le tecniche pittoriche ad olio e acquerello	https://www.facebook.com/MEMstudiodarte/	https://drive.google.com/file/d/1-C4BEM8TLl9175d3EACu8Zgr1Fvrrw2x/view?usp=share_link	https://drive.google.com/file/d/1zDireC1Gn71Tai8FGH4EBF7c0eqAUQeD/view?usp=share_link
Dopolavoro Ferroviario (DLF Faenza)	C B	Storico/Culturale, Far baracca, Eventi artistici e sociali	Energia, Libertà, Ispirazione, Curiosità, Spensieratezza, Nostalgia	Via S. Maria dell’Angelo 24, 48018 Faenza (RA)	44,28628165	11,87978058	Il circolo si trova a pochi minuti a piedi dalla piazza principale e allo stesso tempo l'ingresso si affaccia su di un ampio parcheggio (a pagamento). E' una realtà che dispone di numerosi spazi adibiti alla convivialità e a svariate attività come ad esempio la sala gioco delle carte, la sala cinema, la sala yoga e un ampissimo giardino, spesso luogo di eventi in collaborazione con altre realtà che negli anni hanno stabilito sodalizi con il DLF. Una di queste è la Fototeca Manfrediana che sopra il DLF ha la propria sede.	Lo spirito di convivialità e i grandi e attrezzati spazi di cui il circolo gode soono il lascito della storia che sta dietro allla nascita del Dopolavoro Ferroviario stesso, una storia antica che viene iniziata con un regio decreto nel 1925, con il preciso scopo di dare la possibilità, a fronte di un lavoro duro e logorante che era quello del ferroviere, di esperienze nuove, attività sportive e culturali. 	Uno degli eventi estivi che sfruttano lo spazio esterno del circolo e il suo giardino: quale miglior occasione per osservare la capannina dell'1800 che si trova al suo interno?	https://www.novantesimo.dlf.it/associazioni-dlf/elenco-sedi-dlf/60-associazione-dlf-faenza.html     https://www.facebook.com/people/DLF-Faenza	https://drive.google.com/file/d/1MOm50QL6QHwz0XDeuY9FcG-N7d2UYFER/view?usp=share_link   https://drive.google.com/file/d/1o6gM5YV6mAFv5YQ-axy0oweU_QZwZqxx/viewusp=share_link   	
Piazza del Popolo	C B U	Storico/Culturale, Far baracca	Felicità, Energia, Divertimento, Libertà, Ispirazione, Relax, Spensieratezza, Paura	Piazza del Popolo, 48018 Faenza (RA)	44,28548701	11,88298097	La Piazza del Popolo costituisce il luogo nevralgico della vita pubblica faentina. Fiancheggiata su due lati da portici e logge, forma con la contigua piazza della Libertà il centro cittadino. Vi si affacciano il Palazzo comunale, del Podestà, la vicina torre dell'Orologio, ricostruita nel 1953, e il palazzo del Municipio. Nella corte interna di quest'ultimo, identificata da piazza Nenni, si trova poi il Teatro comunale Masini. Su Piazza della Libertà, ornata dalla fontana, si affaccia invece il Duomo.	I due loggiati che costeggiano i lati nord ovest e sud est della piazza potrebbero risultare estremamente simili, ad una frettolosa occhiata, ma nascondono svariate differenze che corrispondono alle storie di rifacimento che si celano dietro ad essi. In particolare, il loggiato del Comune è in uno stile molto più classicheggiante e risultano assenti sia la doppia colonna in corrispondenza dei voltoni che il "dado", ovvero l'elemento sopra il capitello della parte superiore della loggia.	Visitare la piazza durante una delle manifestazioni locali a cui essa fa da cornice: a gennaio durante la Nott de Bisò, con lo scenografico rogo del fantoccio di un guerriero saraceno che rappresenta le avversità dell'anno trascorso; a giugno durante le gare in cui sbandieratori e musici dei 5 rioni della città si sfidano in diverse discipline: singolo, coppia, piccola e grande squadra.	https://www.prolocofaenza.it/it/visita-faenza/luoghi/chiese-e-monumenti/piazza-del-popolo/	https://drive.google.com/file/d/1fvOiTW7QMPPw-95x8dwW65H2J352Ev44/view?usp=share_link	
Punto informale di ritrovo per giovani	G B	Green, Far baracca	Divertimento, Libertà, Spensieratezza	Piazza Cesare Battisti, 48018 Faenza (RA)	44,29353815	11,88237033	Piazza Cesare Battisti si trova nell'immediata prossimità della stazione ferroviaria di Faenza e costituisce per questo motivo luogo di ritrovo per i giovani, specie per coloro che vivono nei Comuni limitrofi ma che spesso si recano a Faenza per motivi di studio e lavoro.  	Nella rotonda che si trova al centro della piazza è ubicata una famosa scultura in gres del ceramista scultore Carlo Zauli, dal titolo "Cubo alato - Monumento alla Fraternità tra i Popoli", considerata l'opera preferita dell'artista che la realizzò nel 1978 in occasione della propria mostra antologica svoltasi al Palazzo delle Esposizioni di Faenza.	Sorseggiare uno dei deliziosi cocktail preparati dai baristi del Caffè del Viale mentre si osserva la solennità della scultura di Zauli e l'andirivieni proveniente dalla stazione. 	https://bbcc.ibc.regione.emilia-romagna.it/pater/loadcard.do?id_card=233135	https://drive.google.com/file/d/1H7zkmVVim4m_kMeUNilc-fWWWiUHypEz/view?usp=share_link	https://drive.google.com/file/d/1VgEUNGsF-UeYVajAsqj0e2EiakgOXxLM/view?usp=share_link
CAMPO ESTERNO PALASPORT "BUBANI"	S	Sport	Felicità, Divertimento, Libertà, Energia	Piazzale Pancrazi 1, 48018 Faenza (RA)	44,292178	11,869713	Si tratta di un campetto da basket che si trova tra il palasport "Bubani" e l'ingresso della Piscina Comunale della città. Si tratta di un piccolo spazio attrezzato dove i givoani possono ritrovarsi per confrontarsi a canestro o improvvisare una partita. 	Nelle sere d'estate, tra un canestro e l'altro, è possibile scorgere diversi atleti delle squadre locali dilettarsi con amici: non sarà necessario comprare un biglietto per ammirare le loro prodezze.	Dopo una passeggiata nel verde del Parco Bucci, sorseggiare una birra comprata al chiosco accanto al parco mentre ci si gode la vista di un paio di tiri a canestro e si aspetta il proprio turno per cimentarcisi.	https://www.ravennawebtv.it/campetto-by-night-appassionati-di-basket-in-campo-per-riqualificare-il-campetto-del-palabubani/	https://drive.google.com/file/d/1yi4JwYfqjw-9iaOH0RLzGlu31LgmWrLk/view?usp=share_link	https://drive.google.com/file/d/1lfFYyhnpgjCfR_r5a9VifM4s1fW1ZtGF/view?usp=share_link
Kebab Aladino	B	Far baracca	Felicità, Relax, Spensieratezza	Piazza Martiri della libertà 38/A, 48018 Faenza (RA)	44,28479622	11,88363555	Ristorante kebab dietro alla piazza principale della città, caratterizzato dall'orario continuato 11-00 e dall'ottimo rapporto qualità prezzo che lo rende un punto di riferimento per i giovani studenti della città.	Se non avete mai pensato a cosa succeda quando pizza e kebab si incontrano, questa è la vostra occasione per scoprirlo.	Provare uno dei vantaggiosissimi menù e i deliziosi falafel oltre che, ovviamente, il kebab!	https://www.facebook.com/kebabaladino/	https://drive.google.com/file/d/1XQabwTHZ_2asbJL4qe-FKnG29UYMywOk/view?usp=share_link	https://drive.google.com/file/d/1Y_8hInWNhJiiOjmbokQxa-KIfk9pK8Fy/view?usp=share_link
Parco della Magione 	G S B	Green, Sport, Far baracca, Storico/Culturale	Divertimento, Energia, Relax, Spensieratezza	Piazza Frà Saba, 48018 Faenza (RA)	44,28168287	11,8929148	Parco di riferimento dell'adiacente "magione" nonchè attuale sede del Rione Borgo Durbecco. E' stato recentemente intitolato al "sindaco" di Borgo Dubecco, Giuliano Bettoli, illustre personaggio locale amato e rispettato per i suoi sforzi nella preservazione della cultura e tradizioni locali. Nel parco, che si estende per una superficie di circa 5 500 mq, sono da segnalare i bei tratti di mura manfrediane che un tempo cingevano il Borgo e che tutt'oggi delimitano il parco. 	La parte più antica del parco, probabilmente ultracentenaria, venne ricavata su di una vecchia ghiacciaia, oggi inaccessibile, ed è oggi identificabile tramite la "collinetta".	Nelle sere di maggio e giugno il parco della Magione si anima di musici e sbandieratori che si esercitano per le competizioni di piazza, oltre che di spettacoli che animano le serate gastronomiche che si tengono per tutto il mese di giugno nella sede rionale adiacente al parco.	https://www.prolocofaenza.it/it/visita-faenza/luoghi/parchi-e-giardini/parco-della-magione/	https://drive.google.com/file/d/1z4seiYsiymVOodP4sesn02vAHOGayaBw/view?usp=share_link	https://drive.google.com/file/d/1SGyShR5LLGWZjWt7bKNsxq-01MbxiPIG/view?usp=share_link
Palestra SM Strocchi Arrampicata Sportiva	G S	Green, Sport	Felicità, Energia, Divertimento, Libertà	Via Zauli Naldi 2, 48018 Faenza (RA)	44,28021626	11,89575032	Una palestra tutta da scoprire in cui si può arrampicare in totale sicurezza. Legati, andando il più in alto possibile, o slegati, cadendo sui materassi da altezze controllate. Un’esperienza che lega il corpo alla mente e dà la possibilità di sperimentare un nuovo mondo verticale.	La palestra più veloce d’italia, la Carchidio-Strocchi ha allenato ed allena molteplici campionesse e campioni italiani (e mondiali) della specialità Speed. Nel 2021 la specialità vedrà il suo primo ingresso alle Olimpiadi.	Sperimentare il brivido dell’altezza e imparare come gestire e sconfiggere le proprie paure poco a poco.	https://www.carchidio-strocchi.it/arrampicata/ https://www.facebook.com/groups/142160421945/	https://drive.google.com/file/d/1K3Qwe_ypvRx5x0gHwwRLQ4wUQ9lI15RV/view?usp=share_link	https://drive.google.com/file/d/1UJdzDXHVQhXaJuFkz3xrXGq7P8pS-JnW/view?usp=share_link
Corso Europa  	C	Storico/Culturale	Felicità	Corso Europa, 48018 Faenza (RA)	44,2827302	11,89159668	Corso che dal Ponte delle Grazie arriva fino alla Posrta delle Chiavi.		Chiosco da Mario e Bar Lamone.		https://drive.google.com/file/d/1aOydbzebUgW4H6CKABJI1uW3aS_yY18r/view?usp=share_link	
Palestra Cosmos	S	Sport	Felicità, Energia, Libertà, Spensieratezza	Via cittadini 6, 48018 Faenza (RA)	44,296679	11,867686	Palestra e piscina in un unico edificio, con istruttori professionali.			https://www.palestracosmos.it/	https://drive.google.com/file/d/13ecrk8e2OxfR5E-Cwbl_t77y1dK3rVKd/view?usp=share_link	https://drive.google.com/file/d/1HDTVAB9jqb4jXeCKti0VzgneK3MD8SGB/view?usp=share_link
Parrocchia di S. Barnaba	C S B	Storico/Culturale, Sport , Far baracca 	Felicità, Energia, Divertimento, Libertà, Relax, Spensieratezza, Nostalgia	Via Reda 173, 48018 Faenza (RA)	44,2960106	11,94716023	Chiesa immersa nel verde.			https://www.diocesifaenza.it/site/wd-annuario-enti/s-barnaba/	https://drive.google.com/file/d/1I7w40imJ7EUJoaClczo9APFcsw7LdlS1/view?usp=share_link	
Case Manfredi	C	Storico/Culturale	Nostalgia	Via Comandini 2, 48018 Faenza (RA)	44,28403695	11,88529756	Palazzo d'epoca appartenuto alla famiglia faentina Manfredi.			http://www.historiafaentina.it/Storia%20Medioevale/Le%20Presunte%20Case%20Manfredi.html	https://drive.google.com/file/d/16Ce5R3PNcG56C2NnN8kifqyuXGQNaoMB/view?usp=share_link	https://drive.google.com/file/d/1OoY5MrREPMY-SieoPD_HOX3WqSHUKBfn/view?usp=share_link
Trattoria Ponte Rosso	C B	Storico/Culturale , Far baracca 	Libertà, Relax, Spensieratezza	Via Argnani 45, 48018 Faenza (RA)	44,279555	11,87808	Trattoria sotto al Ponte Rosso, da cui prende il nome, con piatti tipici romagnoli.			https://www.facebook.com/trattoriaponterossofaenza/	https://drive.google.com/file/d/1gzte12zk6-SMzOXyE5zhSo1X88a6eZvv/view?usp=share_link	https://drive.google.com/file/d/1ghFjkHlDy0ujkIlZ0tA94-UR3c8BRqBL/view?usp=share_link
Viale delle rimembranze	G C 	Green, Storico/Culturale 	Curiosità, Nostalgia	Via Tolosano, 48018 Faenza (RA)	44,29058835	11,87790103	Viale alberato che costeggia le vecchie mura della città.			https://it-it.facebook.com/trattoriaponterossofaenza	https://drive.google.com/file/d/11DrwNsGoZbFWb082Lg3XJvgwUQHA9LkP/view?usp=share_link	
Pista ciclopedonale "I due pini", Faenza-Borgo Tuliero	G S	Green, Sport 	Energia, Libertà, Connessione	Strada Provinciale 16 "Marzeno"	44,25789425	11,86716122	Pista ciclabile che collega Faenza con Borgo Tuliero e attraversa la campagna faentina dopo il Ponte Rosso.			https://www.piste-ciclabili.com/comune-faenza	https://drive.google.com/file/d/1UFH9LlDiMr5-8GEQ0jmgwJgbuevXv5GI/view?usp=share_link	
Parco Bertozzi	S	Sport 	Energia, Libertà	Via Dino Campana, 48018 Faenza (RA)	44,28461084	11,87177591	Vasto parco che conta 200 specie di piante. L'elemento di maggior connotazione dell'area verde è oggi costituito dal grande monumento in bronzo a Valerio Bertozzi, aviatore caduto in un incidente aereo e a cui dal 2000 il parco è dedicato.	All'interno del parco, troviamo un'area cani.		http://www.terredifaenza.it/scoprire_territorio/ambiente_natura/ter_orti/pagina31-081.html	https://drive.google.com/file/d/1CAnir_8gk-GoOEThJekl_-jrDyvmgtXk/view?usp=share_link	
Fototeca Manfrediana	C B	Storico/Culturale, Far baracca	Divertimento, Libertà	Via Santa Maria dell'Angelo 24, 48018 Faenza (RA)	44,28629191	11,87970329	La Fototeca Manfrediana è un'Associazione Culturale no-profit che ha come primo intento quello di promuovere la fotografia, come risorsa e come linguaggio. Si occupa di ricercare, raccogliere e catalogare immagini del territorio faentino e comprensorio. Attualmente vanta un archivio di circa cinquemila immagini, che coprono centocinquanta anni di storia.			 https://www.fototecamanfrediana.it/	https://drive.google.com/file/d/1rMEibqqZXt4zE8ORms2b3pO6edcujBOh/view?usp=share_link	https://drive.google.com/file/d/1KwwKgiexuHbpQlr6K8vZuxQV1ttYRQW7/view?usp=share_link
ISTITUTO COMPRENSIVO STATALE  "CARCHIDIO - STROCCHI"	G C S	Green, Storico/Culturale, Sport	Felicità, Divertimento, Libertà, Ispirazione, Curiosità	Via Forlivese 7, 48018 Faenza (RA)	44,2806716	11,89515485	L’istituto comprensivo insiste sul territorio del Borgo Durbecco, un’area con forte identità a destra del fiume Lamone, e su un vasto territorio agricolo a sud e a nord della Via Emilia. Di esso fanno parte le frazioni: Santa Lucia, San Biagio, San Mamante, Oriolo, Basiago, Pieve Corleto, San Barnaba, San Giovannino e l’importante frazione di Reda.  			https://www.iccarchidiostrocchi.edu.it/	https://drive.google.com/file/d/1-mweEcYLM5PFO8VhNd6SecwiZbMPtVw-/view?usp=share_link	https://drive.google.com/file/d/1iCOH8ribibtwQNuvCelWUBqvmVR4rw0l/view?usp=share_link
Oratorio San Pier Damiani	C	Utilità	Felicità, Energia, Divertimento, Libertà, Ispirazione, Curiosità	Piazza S. Maria Foris Portam 2, 48018 Faenza (RA)	44,28500313	11,87677665	Oratorio parrocchiale che al suo interno ospita il Teatro Sala Fellini di Faenza, uno dei cinema del centro della città.	 Qui ha sede operativa l’ associazione Compagnia delle Feste, nata in occasione delle Feste Medioevali di Brisighella, per le quali ha prodotto dal 1985 al 1990 lo spettacolo ufficiale.		http://www.compagniadellefeste.it/?page_id=9	https://drive.google.com/file/d/1jGyIY5YHRryTWl7ClTD4PDxNunJrIGSp/view?usp=share_link	https://drive.google.com/file/d/1L9VkveyVZKYbXBALwdA95OKwV3ZoAYxy/view?usp=share_link
Palazzo delle Esposizioni	B 	Far baracca; Storico culturale	Felicità	Corso Giuseppe Mazzini 92, 48018 Faenza (RA)	44,28829232	11,87834772	Il Palazzo delle Esposizioni, ex sede dell’Orfanotrofio Maschile, di proprietà del Comune nel 1967 ed è attualmente gestito dall’Assessorato alla Cultura del Comune di Faenza che organizza direttamente uno o due mostre all’anno. Lo spazio non accoglie esclusivamente mostre d’arte, ma sono stati organizzate mostre-mercato, mercatini di beneficenza, degustazioni guidate e  momenti conviviali.	Qui hanno avuto luogo molti eventi mondani fra i quali il MEI, a cui ha partecipato nel 2015 il famoso artista Ghali, e le feste dell'ISIA di Faenza.  		https://www.palazzoesposizioni.it/	https://drive.google.com/file/d/1W10faKPYf3U5mI36ESbTrt_UuYXJvTg1/view?usp=share_link	https://drive.google.com/file/d/1S1daIyEqUEJb_H2AUg_nhQMiKHT-wZMe/view?usp=share_link
Piscina Faenza Nuova Co.G.i Sport	S B	Sport, Far baracca	Felicità, Energia, Divertimento, Libertà, Ispirazione, Relax	Piazzale Aldo Pancrazi 1/A, 48018 Faenza (RA)	44,29286664	11,87173936	La Nuova Co.G.i. Sport nasce nel 1994, la missione della cooperativa è la gestione di impianti e la promozione delle attività sportive. Gestisce la piscina di Faenza, la piscina e il palasport di Castel Bolognese, il pala Bubani di Faenza, la piscina di Russi, la piscina di Casola Valsenio, collabora nella gestione della piscina di Solarolo e controlla la società “Centro Benessere Piscina s.r.l. “DRIADI”.	Ci sono diversi corsi che vanno dal fitness in acqua (acquagym, Acqua bike...), ai corsi di nuoto per tutte le età e persino ai corsi sub (nitrox e apnea).	Lo scivolo della piscina, divertente a tutte le età.	https://www.piscinafaenza.com/corsi/	https://drive.google.com/file/d/1-kxhnMIJrbgtCSbzDTYpiY30xf4zCxpa/view?usp=share_link	https://drive.google.com/file/d/1KrylYxJ5LodpK5qq1RDQLSkFdq7PwIlF/view?usp=share_link
Teatro dei filodrammatici	C	Storico/Culturale	Energia, Divertimento, Libertà, Ispirazione, Spensieratezza, Nostalgia	Viale Stradone 7, 48018 Faenza (RA)	44,28619768	11,8745602	Nel 1883, nella Parrocchia di S. Antonino nel Borgo di Faenza, si cominciarono a rappresentare i primi spettacoli. Nel 1921, dopo la morte del drammaturgo veneto Berton, la compagnia, ancora operante nella Parrocchia, divenne Filodrammatica A.P. BERTON. Nel 1994 si accorda con l'attuale ASP e in cambio dell'uso gratuito, ristruttura il teatrino interno alla Residenza "Il Fontanone" che chiama TEATRO DEI FILODRAMMATICI. 	Dal 2004 la Filodrammatica Berton svolge corsi annuali di teatro all'interno della Scuola Media Strocchi e dal 2009 in collaborazione con l' Istituto Comprensivo Carchidio Strocchi di Faenza, organizza la rassegna "CI PIACE RECITARE", una settimana di spettacoli prodotti dalle scuole medie faentine rappresentati al Teatro dei Filodrammatici. 		https://www.filodrammaticaberton.it/chisiamo.html	https://drive.google.com/file/d/1hGrWfTc7Htv4f5QJLrilgR0JhFSIyWzi/view?usp=share_link	https://drive.google.com/file/d/1cpi2dnbLWY-1uwIw2_AKyyaRl7wg4lVW/view?usp=share_link
Area verde di Via Caltagirone	G S	Green, Sport 	Libertà, Relax, Spensieratezza	Via Caltagirone, 48018 Faenza (RA)	44,30289687	11,89421468	Percorso molto apprezzato che si può fare a piedi o in bici, situato in un'area verde in mezzo alla zona industriale di Faenza. 	Il percorso parte vicino alla suggestiva rotonda "Giada e la balena", opera che rappresenta una bambina che cerca di strascinare un'enorme balena.		https://www.paginebianche.it/faenza/area-verde-via-caltagirone.8196364	https://drive.google.com/file/d/1gLeUvACmzCJ8BJPADl3AcabsQqDdiLpG/view?usp=share_link	
Scalinate Rione rosso	B	Far baracca	Rabbia, Paura	Via Campidori 28, 48018 Faenza (RA)	44,28877758	11,88378257	Scalinate situate all'esterno del bar e della sede del Rione Rosso, in via Campidori. Spesso popolate da ragazzi che trascorrono lì le giornate, alcuni facendo skate nella zona limitrofa alle poste, ma che a volte lasciano sporcizia e degrado. 			https://rionerossofaenza.it/#	https://drive.google.com/file/d/1TPiVKWR2tx3ea2RKx0AK0X8Ivq5Bq8Or/view?usp=share_link	
Cinedream	B	Far baracca	Felicità, Divertimento, Relax	Via granarolo 155, 48018 Faenza (RA)	44,311918	11,897753	Cinedream Multiplex Faenza è una struttura all'avanguardia dal punto di vista tecnologico, dotata di 8 sale tutte con maxi schermo, poltrone ultracomode e aria condizionata. Oltre a questi offre servizi come: ampio parcheggio gratuito, 3 bar interni e una sala giochi. 			https://www.cinedream.it/cinedream/infocinema.php#tecnologie	https://drive.google.com/file/d/1hL8rUHFZ8o15oUWF-OwXh1BYCL8h9aHh/view?usp=share_link	https://drive.google.com/file/d/1ra5PGTEi8YGSotYglN5kIFunEDCH9cMp/view?usp=share_link
EBE Faenza 	B	Far baracca	Felicità, Energia, Divertimento, Libertà, Curiosità, Relax, Spensieratezza, Rabbia, Nostalgia	Via Mengolina 23, 48018 Faenza (RA)	44,31262729	11,8968584	Wine bar nella zona industriale di Faenza, vicino al Cinedream, che offre un'ampia scelta sia di cibi che di vini. Ottimo per aperitivi, ma anche per cene. Tuttavia il pezzo forte è il "bere" con un'ampia gamma di vini di tutti i tipi (bianchi, rosati, rossi e vini dolci), birre, drink, spiriti e distillati e gin tonic particolari.			https://www.ebefaenza.it/	https://drive.google.com/file/d/1_zAfJQyTLo11lm2eDChZBpAdMXH6gH0P/view?usp=share_link	https://drive.google.com/file/d/1Dva8cI9KaNPFYbBUyNHsyQ3q3zpEcCzE/view?usp=share_link
Monte Coralli - Crossodromo	S	Sport	Divertimento	Via Tebano 1, 48018 Faenza (RA)	44,29377483	11,79930043	Storico Crossodromo situato sulle colline di Faenza che ospita gare ed eventi a livello Regionale e Nazionale. In passato ha ospitato diverse prove del Mondiale MX1, MX2, MX3, WMX. Impianto composto da tre Piste: la pista principale da Motocross, aperta anche in notturna nel periodo estivo; un Percorso da Enduro, misto Fetucciato e sentiero Sottobosco; e un Pistino per Minicross.	Offre servizi come ampio parcheggio con acqua e luce per Camper, servizi Igenici, docce calde, spogliatoio Riscaldato per l'inverno, lavaggio moto, infermeria, bar e ristorante convenzionato a pochi metri dalla Pista. Aperto sabato e domenica dalle 10.30 alle 12.30 e dalle 13.30 alle 18.00.		http://www.montecorallifaenza.it/piste.php	https://drive.google.com/file/d/1EjaHe4ojJBkjJZPYmBCaoeYG4pZI8lNQ/view?usp=share_link	
Piccadilly 	B	Far baracca	Felicità, Energia, Divertimento, Libertà, Spensieratezza	Via Cavour 11, 48018 Faenza (RA)	44,286409	11,878348	Pub in stile London Tube nel cuore del centro storico, accogliente e informale, dove gustare ottimi hamburger, birre e drink. Ottimo per una serata tra amici, musica dal vivo per tutte le età.	Mette a disposizione simpatici giochi da tavolo per passare la serata!		https://m.facebook.com/PiccadillyDiningPub/?locale2=it_IT	  https://drive.google.com/file/d/1qGDCOIoyoBmCr5ft9XoHf2afKjGC7tUQ/view?usp=share_link	
Campetto San Domenico	S	Sport	Felicità, Energia, Divertimento, Libertà	Campetto San domenico, 48018 Faenza (RA)	44,28921029	11,87830533	Spazio rinnovato da poco con la collaborazione di Basket 95 per la pratica sportiva. Ospita un campetto da basket attrezzato dove allenarsi su prenotazione, in mezzo al verde e a due passi dal centro.				https://drive.google.com/file/d/14oPd1F7uy7cT1WaT40M89WYrm6K_wkxD/view?usp=share_link	
Spaghetti notte	B	Far baracca	Felicità, Divertimento, Spensieratezza	Via Scipione Zanelli 2, 48018 Faenza (RA)	44,286274	11,880965	Ristorante casereccio dove la specialità sono abbondanti porzioni di spaghetti conditi in variegate alternative, tradizionali e azzardate. Leggendo l'insegna, si scendono le scale e si entra in un'accogliente sala sotterranea. Personale gentile ed efficiente e rapporto qualità-prezzo più che buono.			https://m.facebook.com/faenzaspaghettinotte/?locale2=it_IT	https://drive.google.com/file/d/1nJvFatwgCJnyzr6J5o0CbjDfs7hymmq2/view?usp=share_link	https://drive.google.com/file/d/1X_L8PA007dntM9u7SqSB-yGK9vpm3g7d/view?usp=share_link
Civico 31	B	Far baracca	Felicità, Libertà, Relax	Via Severoli 31, 48018 Faenza (RA)	44,28559977	11,88163878	Ambiente moderno ma accogliente nel centro faentino, con eccellenti cocktails classici o particolari, cibo ottimo e vario e un ricco buffet per l'aperitivo. Anche gli analcolici sono curati. Il personale è giovane e gentile. Luogo ideale per un break veloce prima di cena e fare due chiacchiere, per chiudere una giornata di lavoro al meglio!			https://m.facebook.com/civico31faenza/?locale2=it_IT	https://drive.google.com/file/d/1o6gM5YV6mAFv5YQ-axy0oweU_QZwZqxx/viewusp=share_link   	
Napizz	B	Far baracca	Felicità, Libertà, Relax, Spensieratezza, Nostalgia	Corso Giuseppe Garibaldi 23, 48018 Faenza (RA)	44,28782606	11,88605115	Ristorante all'interno dell'Hotel Vittoria dove gustare una vera pizza napoletana, gustosa e digeribile e con ingredienti di qualità. E' disponibile la scelta di più impasti.	Il personale è vestito con tute in stile "formula 1".		https://m.facebook.com/napizzfaenza/	https://drive.google.com/file/d/12BB6ZRyDe4Hlme6w2t4CxeSrNYya7WLh/view?usp=share_link	
Giradischi disco club 	B	Far baracca	Felicità, Energia, Divertimento, Libertà, Spensieratezza, Nostalgia	Viale Alfredo Baccarini 27, 48018 Faenza (RA)	44,29157407	11,8828766	Locale piacevole ed accogliente. Vengono organizzate serate diverse per accontentare i gusti di tutti. La grande capacità organizzativa dello staff permette di trasformare la sala per la cena. Età variabile in base alla serata. Possibilità di organizzare eventi aziendali privati. 	Il locale è disposto anche di monitor led e di 3 bar, uno dei quali in saletta fumatori.		https://www.giradischiclub.it/	https://drive.google.com/file/d/1zbmwViMxrdklFcPFIB0zWJeSAaJUmnt0/view?usp=share_link	
Parco Tondo	G S	Green, Sport	Felicità, Energia, Divertimento, Libertà, Ispirazione, Curiosità, Spensieratezza, Nostalgia	Via Giovanni da Oriolo, 48018 Faenza (RA)	44,2890602	11,87306252	Detto anche "parco della Rocca", è il più antico parco pubblico faentino. La sua funzione principale è quella di giardino zoologico, con gabbie contenenti vari uccelli. Oggi è detto "tondo" per via della pista circolare che sta attorno ai giochi e alla collinetta centrale. Dispone di vari chioschi esterni.			https://www.prolocofaenza.it/it/visita-faenza/luoghi/parchi-e-giardini/parco-della-rocca-il-tondo/	https://drive.google.com/file/d/1U4DS8aMjkswAf1CW9eIaqbF9QsstnAZd/view?usp=share_link	https://drive.google.com/file/d/1kaWpuHSTgGdSdjjiwgjHIYEfqwnUuR-d/view?usp=share_link
Parco Tassinari	G B	Green, Far baracca	Felicità, Libertà, Ispirazione, Relax, Spensieratezza, Nostalgia, Tristezza	Via Orto Sant'Agnese, 48018 Faenza (RA)	44,28443234	11,87750237	Un parco piccolo e curato, comodo per chi abita in centro, presenta giochi per bambini e un'area recintata per i cani. Nascosto e quindi poco frequentato, è ottimo per rilassarsi e ammirare sculture lignee di Palli.			https://www.prolocofaenza.it/it/visita-faenza/luoghi/parchi-e-giardini/parco-tassinari/	https://drive.google.com/file/d/1bxujvxIZc-yV23mrkkR-7jTzxDKCsqOF/view?usp=share_link	https://drive.google.com/file/d/1iKTrrS0gPMo4rhA-uejUBHM0I4u6yM2j/view?usp=share_link
Pizzeria Italia 	B	Far baracca	Felicità, Divertimento, Relax, Nostalgia	Corso Giacomo Matteotti, 4, 48018 Faenza (RA)	44,28457811	11,88264253	La pizza al taglio del Bar Italia a Faenza è sempre una certezza, tappa obbligatoria e storica della città. Arredamento vintage stile anni '80 contornato da quadretti pittoreschi. E' un luogo indicato per mangiare una pizza durante un giro in piazza oppure al termine di uno spettacolo al cinema.			https://www.tripadvisor.it/Restaurant_Review-g194758-d7799291-Reviews-Bar_Pizzeria_Italia-Faenza_Province_of_Ravenna_Emilia_Romagna.html	https://drive.google.com/file/d/1V8Tb3U45R4tt8vIqe9ME08eat_hX51iG/view?usp=share_link	https://drive.google.com/file/d/13IC1KojaMBVaBlR0Go4t9345IXhmW3FX/view?usp=share_link
Parco Malmerendi	G	Green	Felicità, Energia, Divertimento, Libertà, Relax	Via Medaglie d'Oro, 51 48018 Faenza (RA)	44,29503318	11,87583178	Museo di proprietà comunale che sopravvive grazie alla gestione di volontari. Costruito agli inizi degli anni '80 in mezzo all'omonimo parco, il museo costudisce animali imbalsamati, resti fossili e reperti archeologici e paleontologici delle nostre colline romagnole. Si svolgono in concomitanza mostre a tema. Presente una saletta per piccole conferenze. Di grande interesse per la qualità e la quantità dei reperti esposti, per l' accuratezza con cui sono accompagnati da spiegazioni chiare ed esaurienti.			https://www.prolocofaenza.it/it/visita-faenza/luoghi/parchi-e-giardini/parco-malmerendi/	https://drive.google.com/file/d/1JMfcdZGTXPT98tuGfJdBu8d0JjMXDXWX/view?usp=share_link	
Parco San Francesco 	G S	Green, Sport	Felicità, Libertà, Relax, Spensieratezza	Piazza S. Francesco, 11, 48018 Faenza (RA)	44,288068	11,885882	Parco situato nel centro storico di Faenza, molto frequentato binisopratutto dai giovani e luogo di gioco per i bamini.	Progettato per creare una bolla di tranquillità in mezzo al verde nel centro della città.		https://parcosanfrancesco.wordpress.com/il-parco/	https://drive.google.com/file/d/1HuJuOB5kBYVL25JBb9_9TTxslP3TEKJf/view?usp=share_link	
Il Turismo	B	Far baracca	Felicità, Divertimento, Spensieratezza, Libertà, Relax	Via Nazario Sauro, 12/14, 48018 Faenza (RA)	44,28493785	11,88188691	Ristorante in centro storico, rinomato per la pizza.		Le loro ottime pizze.	https://www.tripadvisor.it/Restaurant_Review-g194758-d3849351-Reviews-Pizzeria_Il_Turismo-Faenza_Province_of_Ravenna_Emilia_Romagna.html	https://drive.google.com/file/d/1g_evfwzlfXIZZb2dREE7QeSRmV13mtx9/view?usp=share_link	
Mordillo 	B	Far baracca	Felicità, Energia, Divertimento, Libertà, Spensieratezza, Nostalgia	Piazzale Pancrazi 48018 Faenza (RA)	44,29238691	11,87079093	Locale all'aperto vicino al centro di Faenza, attivo solo nel periodo estivo e per lo più frequentato da giovani, dove si può bere con dj set e passare una serata con gli amici.	Alcune sere offrono musica live o serate a tema.		https://www.facebook.com/Mordillo-Faenza-553755701350393/	https://drive.google.com/file/d/1b9RpCF4zSt_uE1YshEotWY_TJoOBVxSQ/view?usp=share_link	
Redazione de "Il Castoro"	C	Storico/Culturale	Felicità, Libertà, Ispirazione, Curiosità	Via Santa Maria dell'Angelo, 48, 48018 Faenza (RA)	44,28711492	11,87779919	Giornale del Liceo, pubblica articoli scritti dai ragazzi o interviste su varie tematiche che poi vengono pubblicati in edicola ogni settimana nel giornale Settesere.	Redazione dei ragazzi del Liceo Torricielli Ballardini di Faenza.		https://www.facebook.com/ilcastoro.giornale/?comment_id=Y29tbWVudDo1NTA1OTYwMDUyODA3MDdfNTUwNjg1MzY1MjcxNzcx	https://drive.google.com/file/d/1jG34hOdYpDCw60CYigp5AaIUxacBTvPe/view?usp=share_link	
Rione giallo	C B	Storico/Culturale, Far baracca	Felicità, Divertimento, Libertà, Spensieratezza	Via Bondiolo, 85, 48018 Faenza (RA)	44,282851	11,879514	E' uno dei cinque rioni della città di Faenza, partecipante al Palio del Niballo. Il territorio su cui si estende è delimitato dalla sinistra dei fiumi Lamone e Marzeno, a monte della città e delimitato da un lato da corso Saffi, dall'altro da corso Matteotti, viale Marconi e via Firenze. La sede ufficiale del rione è sita, dal 1989, in via Bondiolo.			https://www.rionegiallo.it/	https://drive.google.com/file/d/1A-QZ2-fP-p0evxbbb8Q8KDh9wh8UdeXC/view?usp=share_link	https://drive.google.com/file/d/194Qh72PEajZynahqxiptqOYkOpTg2Pv5/view?usp=share_link
Atletica 85 Faenza	S	Sport 	Felicità, Energia, Divertimento, Libertà, Ispirazione	Vialetto Atleti Azzurri d'Italia, 48018 Faenza (RA)	44,29193115	11,85953793	L’ ATLETICA 85 FAENZA ha come scopo principale la promozione e l’organizzazione dell’atletica leggera a Faenza e nel suo territorio. Inoltre promuove anche discipline affini e contigue all’atletica leggera per offrire ai soci maggiori opportunità di fare sport e di socializzare.			http://www.atletica85.it/	https://drive.google.com/file/d/154GuSl2LQSwDWCbPdca8rEnCJXatNBNz/view?usp=share_link	https://drive.google.com/file/d/1pyGvR6mqzpEb1Y0QDzr0KKDl-nj_nuAl/view?usp=share_link
La birreria 	B	Far baracca	Felicità, Energia, Divertimento, Spensieratezza, Nostalgia	Via Granarolo, 17, 48018 Faenza (RA)	44,29900135	11,88910878	Luogo molto freguentato dai faentini, sopratttutto giovani e famiglie.  Attrezzato con aree bimbi e, in estate, band dal vivo. Hanno un menù molto vario come antipasti, primi e hamburger, oltre che a tanti tipi di birra.	Alcune sere per lo più nei mesi invernali ogni due settimane il lunedì sera organizzano il gioco "Quizzami" dove in gruppi si risponderà a domande di cultura generale, in palio vari premi.		https://www.facebook.com/LaBirreriaFaenza/	https://drive.google.com/file/d/1Ex75_TvIZzCUNEVYVewiqgosZS50lUX1/view?usp=share_link	https://drive.google.com/file/d/1lDzjtXWEyOo6R5emvpK2Pm119eH51Gin/view?usp=share_link
Sagra della Campagna	B	Far baracca	Felicità, Energia, Divertimento, Libertà, Curiosità, Spensieratezza, Nostalgia	Via Accarisi 57, Pieve Cesato, 48018 Faenza (RA)	44,33718368	11,95731276	Si svolge solitamente a fine aprile - inizio maggio a Pieve Cesato con animali, gastronomia tipica del territorio, spettacoli dal vivo e tante attività per i più piccoli e i più grandi.	E' presente una mostra e vendita dei manufatti paesani, è possibile svolgere un laboratoio per imparare a costruire cesti in vimini, inoltre troviamo una casa-museo della storia contadina.		https://www.sagracampagna.it/	https://drive.google.com/file/d/1YSzWaw8iN_Dwu9kBMt6aSVszdrhiff_F/view?usp=share_link	
Tiffany	B	Far baracca	Felicità, Energia, Divertimento, Relax, Spensieratezza	Via Fratelli Carlo e nello Rosselli, Snc, 48018 Faenza (RA)	44,28219112	11,89544811	Risorante in borgo, offre un menù molto ampio ma è conosciuto per lo più per la pizza e per il bellissimo spazio all'aperto che viene molto sfuttato durante l'estate.			https://www.pizzeriatiffany.com/	https://drive.google.com/file/d/1pQzR9teTMFavC6wpsU7iZOHVCNDYbeR8/view?usp=share_link	https://drive.google.com/file/d/1nOJurlas9v3-mjAa7rDBOx1fEJLAgMI1/view?usp=share_link
Museo Diocesano	C	Storico/Culturale	Curiosità, Sorpresa, Ammirazione	Piazza XI Febbraio, 10, 48018 Faenza	44,28582459	11,88576217	Occupa un importante settore della resistenza episcopale, la cui origine risale al secolo XII. All'età medievale risale l'ambiente più prestigioso del museo: La Sala degli Affreschi al cui interno sono riaffiorati lacerti di esafore duecentesche di ascendenza emiliano-veneta e numerose pitture parietali di scuola riminese.	Il percorso museale è ricco di 300 opere d'arte sacra dal decimo al ventesimo secolo, negli ambienti dell'età barocca.		https://museodiocesanofaenza.it/	https://drive.google.com/file/d/1N0-o2l8ztgpUzFOCDNAiBGVCa-kaCtpK/view?usp=share_link	
SANO Medical Fitness- Centro di Attività Motoria Adattata per patologie croniche, anziani, persone fragili e con disabilità	S	Sport	Divertimento, Energia, Libertà, Spensieratezza, Tranquilità, Benessere	Via della Costituzione, 28, 48018 Faenza RA	44,2975859	11,88595308	Palestra in cui si pratica attività motoria adattata con finalità di prevenzione e riabilitazione sociale all'interno di un ambiente attrezzato sotto la supervisione di personale qualificato. I servizi sono rivolti a cpersone con patologie croniche sensibili all'esercizio fisico, come le malattie neurologiche, cardiovascolari, ma anche agli anziani più fragili.	Offrono servizi di fisioterapia anche a domicilio e teleriabilitazione per garantire la continuità del progetto riabilitativo.		https://www.mfsano.it/	https://drive.google.com/file/d/1o6OHYg3bvnM070yUpOBkMO6N6s1w9r7g/view?usp=share_link	https://drive.google.com/file/d/1WwC6tCXv0C8QyZLhe7kLTFgupCS2Wc1E/view?usp=share_link
Percorso naturale del Lamone	G S U	Green, Sport	Felicità, Energia, Divertimento, Libertà, Ispirazione, Relax, Spensieratezza	Lungofiume (indicare accesso a Ponte delle Grazie)	44,28400024	11,88828291	Un percorso ciclabile sugli argini del Lamone.			https://www.wikiloc.com/mountain-biking-trails/da-faenza-al-mare-lungo-gli-argini-del-fiume-lamone-18362634	https://drive.google.com/file/d/1NSjHq_eVZvw2eQVZa_vshpdNPzm9dnrM/view?usp=share_link	https://drive.google.com/file/d/1HzMaX86DCf5Kzq-fQXGnA06nN9RWxokt/view?usp=share_link
Chiesa della Commenda	C	Storico/Culturale	Felicità, Divertimento, Nostalgia	Corso Europa, 107, 48018 Faenza (RA)	44,28196112	11,892866	Ingresso gratuito, Orario: 9.00-19.00.	La Commenda fu probabilmente fondata nella prima metà del XII secolo (il primo documento è del 1137), anche se le parti più antiche che oggi si vedono risalgono al Duecento (abside e parte del campanile) e al Trecento (portico per il ricovero dei pellegrini sul fianco sinistro).		http://www.comune.faenza.ra.it/Citta/Turismo-e-ospitalita/Da-vedere-in-citta/Chiese/Chiesa-della-Commenda	https://drive.google.com/file/d/1FrWo1AZUaoP5ecUefHC7MqsG0tY84qRz/view?usp=share_link	https://drive.google.com/file/d/1BvZACTRzy8lJvud2DPfiyD1HirZmEA6Y/view?usp=share_link
Museo all'aperto su Faenza Romana 	C	Storico/Culturale	Ispirazione	ISIA, p/o Palazzo Mazzolani Corso Giuseppe Mazzini, 48018 Faenza (RA)	44,28847296	11,87822263	Nella corte di Palazzo Mazzolani, a sinistra dell’ingresso da Corso Mazzini, è stata allestita una selezione dei più importanti pavimenti rinvenuti nel corso di scavi archeologici a Faenza.			 https://www.miurf.it/archeologia-palazzo-mazzolani/#more-4235	https://drive.google.com/file/d/1DLqE_SPWxTGboyct4ETMcZubQnqtfm0m/view?usp=share_link	https://drive.google.com/file/d/1YTAdcHjBkeCk425JoVGxhbtyh-0KLqA2/view?usp=share_link
Reperti archeologici romani	C	Storico/Culturale	Ispirazione	p/o OVS  Piazza Martiri della Libertà, 10, 48018 Faenza (RA)	44,28534009	11,88388797	Sono presenti nel seminterrato dei magazzini Ovs i resti di una pavimentazione in arenaria attribuibili all’antico Foro.			https://www.prolocofaenza.it/it/visita-faenza/visita-la-citta/itinerari/alla-scoperta-di-faenza-itinerari-per-le-scuole/		
Reperti Banca di Romagna Crédit Agricole Italia	C	Storico/Culturale	Ispirazione	Corso Giuseppe Garibaldi, 1, 48018 Faenza (RA)	44,28857924	11,87720908	Presso la Banca di Romagna i frammenti scultorei e architettonici trovati negli scavi (anni ’80) dell’edificio stesso e il selciato in trachite. Oggi è suggestivamente conservato nella sua posizione di rinvenimento all’interno del locale-caldaie.			https://www.prolocofaenza.it/it/news/news-194-alla-scoperta-di-faenza/		
Via Torricelli	B	Far baracca, Shopping	Divertimento, Curiosità, Relax, Spensieratezza	Via Torricelli, 48018 Faenza (RA)	44,28465856	11,88359337	Una via del centro storico tra le due piazze con numerose boutique.				https://drive.google.com/file/d/1uEZo4XMWpEp6gOS7qrmG0a6k8JiK_RP_/view?usp=share_link	
Ristorante Pizzeria Villa Franchi 	B C	Far baracca, Storico/Culturale 	Spensieratezza, Divertimento, Benessere	Via Salita 2, 48018 Faenza (RA)	44,28651474	11,87655158	Nella stretta e appartata via Salita si trova l'ingresso a Villa Franchi, un ristorante che evoca lo stare insieme dei circoli di una volta, strutturato in diverse sale spaziose e sincere, e un giardino che d'estate diventa il perfetto contesto per ordinare quel bicchiere di vino in più mentre ci si tuffa nel mascarpone di fine pasto.	Detentore del "premio per la miglior consistenza in cottura" del cappelletto.	La pizza dei Franchi è una celebrità in città.	https://www.facebook.com/villafranchi/	https://drive.google.com/file/d/11Zs2BkSnds0F5cBY-PoXtbkmkHroOpE_/view?usp=share_link	
Giardino pubblico Evangelista Torricelli 	G S B	Green, Sport, Far baracca	Felicità, Energia, Relax, Spensieratezza	Piazza San Francesco, 251	44,288074	11,885815	Il parco, conosciuto anche come Parco San Francesco, dal nome dell'omonima piazza sul quale il parco si affaccia, prende il suo nome dalla statua monumentale dello scienziato faentino Evangelista Torricelli che troneggia al centro del parco stesso, realizzata per voler di popolo nella prima metà del 1800. Il parco è stato sottoposto a lavori di riqualificazione nell'estate del 2014 tramite una partecipata collaborazione con l'Isia (Istituto Superiore per Industrie Artistiche) di Faenza, ed è a questo periodo che risale il  suo aspetto odierno. 	Il giardino nacque agli inizi del 1900 completamente circondato da un perimetro di pseudo-mimose in fregio alla statua di Torricelli. Al 1936 invece risale gran parte dell'attuale alberatura, tra cui ben quattro Ginko biloba che costituirono una novità assoluta per Faenza, dove l'abero proveniente dall'estremo Oriente era ancora totalmente sconosciuto. 	Dopo un giro tra le logge della piazza principale delle città, imboccate corso Garibaldi e dirigetevi verso il giardino: dilettatevi a riconoscere le piante aromatiche che popolano le sue aiuole e ad osservare le sfumature delle foglie dei Ginko biloba 	http://www.comune.faenza.ra.it/Amministrazione/Comunicati-stampa/Riapre-il-parco-San-Francesco https://www.settesere.it/it/n5875-riapre-il-parco-san-francesco-marteda-15-a-il-pia1-centrale-della-citta.php	https://drive.google.com/file/d/1mPa83jx3QK4vekx9WSKjn2Xvy4le-0Lu/view?usp=share_link	
Rione Rosso	B C U	Culturale, Far baracca	Felicità, Divertimento, Libertà, Spensieratezza	Via Campidori 28, 48018 Faenza (RA)	44,288264	11,882999	Il Rione Rosso è uno dei cinque Rioni in cui da tempo immemorabile è suddivisa la città di Faenza, antica ripartizione cittadina costituitasi con l’affermazione di Faenza in libero Comune. Comprende il territorio racchiuso tra il lato nord della via Ravegnana, corso Garibaldi, corso Mazzini, via Oberdan, via Emilia Ponente.	La scelta del rosso, assimilabile al fuoco richiama la natura di questo Rione, da sempre tendente allo scontro e votato alla vittoria. Caratteristica richiamata anche dalla rappresentazione di un braccio teso con un pugnale in mano. Inoltre in una delle rappresentazioni dello stemma è presente la parte superiore, a scacchiera blu e bianca, che richiama la casata degli Accarisi, avversari ghibellini dei Manfredi, i quali avevano il proprio palazzo in questo Rione.	Le cene propiziatorie durante il periodo del Palio, occasioni per provare la cucina tradizionale romagnola immersi nell'allegria e nella gioia dello stare insieme. 	https://rionerossofaenza.it/	https://drive.google.com/file/d/1uKeohip16BBiD7m1lXdcAXLKYPcwZ_Mh/view?usp=share_link	https://drive.google.com/file/d/19ncy_7eiXJpsNlOhF4Q-0B85HqZ7w4OX/view?usp=share_link
Rione Verde	B C U	Culturale, Far baracca	Felicità, Divertimento, Libertà, Spensieratezza	Via Camillo Benso Conte di Cavour, 37, 48018 (Faenza RA)	44,284873	11,876583	Il Rione di Porta Montanara è uno dei cinque rioni della città di Faenza partecipanti agli eventi del Palio del Niballo. Il territorio di estensione è delimitato da Corso Matteotti e da Corso Mazzini. La sede ufficiale del rione è sita in via Cavour in uno dei nuclei architettonici più antichi della città, nei pressi di Santa Maria Foris Portam (detta anche Santa Maria Vecchia).	Lo stemma del Rione è composto da un monte bianco di tre punte, sormontate da tre stelle d’oro. Essendo il Rione di Porta Montanare, compare il monte nello stemma, a richiamo del collegamento con gli Appennini. Le tre stelle a sei punte invece richiamano, in Romagna, la parte ghibellina. Infatti, alcuni antichi documenti testimoniano la presenza di sostenitori ghibellini in questa zona di Faenza, nonostante il dominio dei guelfi Manfredi.		https://www.rioneverde.it/	https://drive.google.com/file/d/1JjjKc15Vm6zJQ0v_LXs8SBIK8_0UABBL/view?usp=share_link	https://drive.google.com/file/d/1s9q_KeqvXbzHXpXhbVGVOxbKHWL6CysO/view?usp=share_link
Rione Nero	B C U	Culturale, Far baracca	Felicità, Divertimento, Libertà, Spensieratezza	Via della Croce, 14, 48018 Faenza RA	44,287325	11,887188	Il rione Nero (rione di Porta Ravegnana) è uno dei cinque rioni della città di Faenza partecipanti agli eventi del Palio del Niballo.	Lo stemma del Rione Nero raffigura un pino terrazzato di verde, centrato da una moneta (Tortabizante) dorata. Il pino raffigurato è un pino marittimo, che da subito rende chiaro il collegamento di questo Rione (che si estende fino a via Ravegnana) con lo scalo commerciale (l'analogia con il commercio marittimo è richiamata dalla presenza anche della moneta dorata) situato sulle coste dell'Adriatico.		https://it-it.facebook.com/rionenero	https://drive.google.com/file/d/1qbZ_tpyG5h7pV14ul8-2vsxi4xiRCFxZ/view?usp=share_link	https://drive.google.com/file/d/1xu2qxBwoMVHRKlkFeYvh-03rpDpSTaRB/view?usp=share_link
Rione Borgo Durbecco	B C U	Culturale, Far baracca	Felicità, Divertimento, Libertà, Spensieratezza	Piazza Frà Saba, 48018 Faenza (RA)	44,281516	11,893083	Il Borgo Durbecco comprende tutto il Borgo Durbecco ed il territorio a destra dei fiumi Marzeno e Lamone fino ai confini del Comune di Faenza.	Storicamente è ancora discussa la legittimità del Borgo Durbecco come Rione della città in quanto localizzato in tempi medievali fuori le mura. 	Una visita dentro allo splendido chiostro, compresa la Sala degli Angeli con i suoi affreschi e le sale museali contenenti i costumi delle prime sfilate risalenti agli anni '60 del 1900. In estate potrai provare i cappelletti al ragù preparati a mano dalle sfogline del Rione e la carne alla brace cotta a vista al centro del Chiostro.	https://www.borgodurbecco.it/it/home/	https://drive.google.com/file/d/1PmEhFoTYdOY1lOsSnzL-kPW1Xzcz6Cw_/view?usp=share_link	https://drive.google.com/file/d/1RYUX8It4RprI6ieqjIeO9bZErFtdds5h/view?usp=share_link